Name,IDS,CIty,Area,Rank,Security_Company
Patric MacConnechie,2001,Kanada,ID,0,Oodoo
Ranee Jarvie,2002,Nykvarn,SE,0,Digitube
Ashli Sarsons,2003,Onguday,RU,1,Kimia
Petrina Wigmore,2004,Kabardinka,RU,1,Browsedrive
Shaylah Lett,2005,Monte Agudo,PT,1,Yodo
Rina Ugolotti,2006,Enskede,SE,1,Oyonder
Burk Wasling,2007,Piketberg,ZA,1,Gabcube
Winfred Guisot,2008,Francisco Villa,MX,0,InnoZ
Jeffry Scothern,2009,Igunga,TZ,0,Skippad
Roger Jouhan,2010,Pirapora do Bom Jesus,BR,1,Gigazoom
Joeann Pulver,2011,San Agustin,PH,0,Fadeo
Hillary Kleiner,2012,Road Town,VG,1,Brightdog
Kellen Bayfield,2013,Mullsjö,SE,1,Oyondu
Flem Pridding,2014,Cijayana,ID,0,Jaxspan
Hamil Tocqueville,2015,Arai,JP,0,Chatterbridge
Mollie Mattioni,2016,Talnakh,RU,1,Digitube
Doug Presshaugh,2017,Suvorovskaya,RU,0,Centidel
Simone Boughton,2018,Despotovac,RS,0,Jabbercube
Jo-anne Yegoshin,2019,Xinsheng,CN,1,Yodoo
Tessa Urey,2020,Russkiy,RU,1,Gigaclub
Sheri Petley,2021,Niba,CN,1,Linklinks
Faber Hartness,2022,Tongda,CN,0,JumpXS
Ivar Forst,2023,Mudanjiang,CN,1,Wikizz
Rae Tease,2024,La Julia,DO,0,Zooxo
Peder Ramard,2025,Tiantai,CN,0,Yakitri
Debee McGerr,2026,Zheyuan,CN,1,Eazzy
Caldwell Armfield,2027,São Lourenço do Sul,BR,0,Vinte
Amelia Cahn,2028,Ţawr al Bāḩah,YE,0,Livetube
Milka Joret,2029,Francisco Villa,MX,1,Oozz
Sebastian Cecchi,2030,Paris 18,FR,1,Feedspan
Welbie Leyre,2031,Obiaruku Quarters,NG,1,Kazu
Quint Ibberson,2032,Wurigelebur,ID,1,Bluezoom
Arri Macieiczyk,2033,Banaba,PH,1,Gabtune
Lamar Brychan,2034,Bojongsari,ID,1,Gabcube
Lowell Domotor,2035,Lower Hutt,NZ,0,Jaloo
Pieter Heckney,2036,Labytnangi,RU,0,Thoughtstorm
Bren MacNulty,2037,Sabaneta,CO,1,Fivechat
Geoff Sheirlaw,2038,Fangshan,CN,0,Devify
Hester Gasson,2039,San Roque,PH,1,Youspan
Huntley Sinncock,2040,Stockholm,SE,0,Buzzster
Berne Bradfield,2041,Miskindzha,RU,0,Brainverse
Paquito Ewestace,2042,Brant,CA,0,Digitube
Ase Jandak,2043,Mników,PL,1,Agimba
Ted Doncaster,2044,Mets Parni,AM,1,Kazu
Alwyn Prose,2045,Fianarantsoa,MG,1,Minyx
Carlie Alben,2046,Owode,NG,1,Myworks
Shaine Fuchs,2047,Blagnac,FR,0,Avavee
Ingaborg Hadlee,2048,Chiconi,YT,1,Bluejam
Berky Throughton,2049,Longzui,CN,0,Fivespan
Enid Eginton,2050,Bobadela,PT,0,Skippad
Caresa Hegg,2051,Lyubim,RU,1,Meevee
Conway Danskine,2052,Heka,CN,1,Trudoo
Stacie Meiningen,2053,Maputi,PH,0,Skyble
Viola Caughan,2054,Žirovnica,SI,0,Skibox
Jaimie Clery,2055,Lidingö,SE,0,Meedoo
Adriaens Jannings,2056,Baliuag Nuevo,PH,1,Kimia
Babbie Redler,2057,Huazhuang,CN,1,Skimia
Frederik Playle,2058,Hidalgo,MX,1,Pixope
Ethelda Buy,2059,Shuiquan,CN,0,Tagchat
Felicdad Brandacci,2060,Altanbulag,MN,1,Blogspan
Jecho Dudny,2061,João Alfredo,BR,0,Vimbo
Gray Alner,2062,Baolin,CN,1,Twiyo
Karlis Ruzicka,2063,Afanas’yeva,RU,0,Devpoint
Garwin Thrustle,2064,Atalhada,PT,0,Gigaclub
Elsbeth Saye,2065,Tangping,CN,1,Buzzster
Wilek Whyteman,2066,Kaltungo,NG,1,Divanoodle
Rebekah Kennelly,2067,Maripipi,PH,1,Skivee
Suzie Himpson,2068,Longsheng,CN,1,Meeveo
Euphemia Hammerson,2069,Mungkin,ID,1,Flashset
Allan Maith,2070,Shanlian,CN,0,Divavu
Gordan Cotte,2071,Talaibon,PH,1,Jetpulse
Lemuel Larenson,2072,Santa Rosa del Sara,BO,0,Quatz
Marius Cashford,2073,Pando,PH,0,Skaboo
Veronique Blockley,2074,Xingnong,CN,1,Jatri
Gabbie Duff,2075,Siruma,PH,0,Blogtags
Clea Chaffey,2076,Ljungbyholm,SE,0,Realcube
Conney Templar,2077,Kushnarënkovo,RU,1,Topdrive
Genna Soan,2078,Pingshan,CN,0,Tagtune
Haskell Fazakerley,2079,Trbovlje,SI,1,Topicstorm
Sanson Ollerton,2080,Burgeo,CA,0,Jaxspan
Peria Andreia,2081,Riangderi,ID,0,Bubblebox
Wenona Berridge,2082,Lodja,CD,1,Riffwire
Claudian Longthorn,2083,Dzerzhinsk,RU,1,Midel
Rahel Pieroni,2084,Bolhos,PT,0,Thoughtsphere
Gretchen Gingle,2085,Itaqui,BR,0,Tagfeed
Kristien Edison,2086,Vale da Serra,PT,0,Twinte
Everard Mangon,2087,Parreira,PT,0,Yakidoo
Elle Cordelle,2088,Vạn Giã,VN,0,Devpulse
Dorry Wildbore,2089,Ojrzeń,PL,0,Edgeclub
Brooks Pawlaczyk,2090,Meilisi,CN,1,Skilith
Wren Kivits,2091,Kalibunder,ID,0,Ntag
Silvie O'Dunniom,2092,Babao,CN,1,Mydeo
Arnaldo Hammersley,2093,Kainan,JP,1,Zoombox
Roda Castro,2094,Višňové,CZ,1,Plajo
Wilfrid Stapforth,2095,Binitayan,PH,0,Gigashots
Lemar Cakes,2096,Guogan,CN,0,Voonder
Victor Tipping,2097,Memphis,US,1,Kayveo
Jeane Daniely,2098,Hangchuan,CN,0,Rhyloo
Geno Kemell,2099,Bantarsari Kulon,ID,0,Miboo
Evin Gibbins,2100,Charleston,US,0,Devify
Else Butland,2101,Concordia,AR,0,Devify
Shanda Benne,2102,Maputsoe,LS,0,Meetz
Valli Hulstrom,2103,Azovo,RU,0,Yambee
Gabriela Dorgon,2104,Río Alejandro,PA,1,Quaxo
Bobby Westell,2105,Lolotique,SV,1,Photobug
Leonore Ingerfield,2106,Tlumach,UA,1,Roombo
Lizzie Spencer,2107,Huating,CN,1,Dabtype
Tedi Punch,2108,Trabulheira,PT,0,Tazzy
Kaitlyn Farlambe,2109,Angra dos Reis,BR,1,Quaxo
Cosme Itzkin,2110,Yiyang,CN,1,Janyx
Karalee Swynfen,2111,San Antonio,CO,0,Jabbersphere
Jamie Merigon,2112,Sever do Vouga,PT,1,Yozio
Bevvy Stratley,2113,Springfield,US,0,Mudo
Verne Jakubovicz,2114,Muli,CN,1,Yoveo
Iggy Fache,2115,Barwałd Górny,PL,1,Zoombox
Bonny Hurran,2116,Pando,PH,1,Pixonyx
Nelie Wolfer,2117,Masākin,TN,0,Youspan
Gerald Ghilks,2118,Solntsevo,RU,0,Snaptags
Abie Freckleton,2119,Évry,FR,1,Photobug
Lem Waber,2120,Anxi,CN,1,Demizz
Raffaello Alessandrucci,2121,Changjiang,CN,1,Kwinu
Jermain Quarless,2122,Västervik,SE,0,Realblab
Tremain Furniss,2123,Kuala Lumpur,MY,0,Kamba
Cindra Mincini,2124,Tranås,SE,0,Demimbu
Mariellen Keddie,2125,Tambura,SS,0,Skimia
Salli Guyonnet,2126,Uruguaiana,BR,1,Quinu
Dacie Brosio,2127,Kyankwanzi,UG,1,Dabjam
Denise O'Donovan,2128,Itaberaí,BR,0,Pixope
Reilly Dargie,2129,Agrínio,GR,0,Rhynyx
Ruddy Villiers,2130,Sucha,PL,0,Mynte
Jethro Grinley,2131,Caromatan,PH,1,Wordtune
Stormi Ecclestone,2132,Hotonj,BA,0,Browsezoom
Donia Fullard,2133,Waso,ID,0,Quire
Barbi Sandey,2134,Jiling,CN,0,Skyba
Binny Shuttleworth,2135,Dashu,CN,1,Twitternation
Bianca Barbary,2136,Xianyuan,CN,1,Avaveo
Beryle Antosik,2137,Sudo,ID,0,Meedoo
Eben Trillo,2138,Tinabogan,ID,1,Skynoodle
Joela Atling,2139,Gotemba,JP,0,Thoughtbridge
Eugenius Pedrielli,2140,Al Qiţena,SD,0,Devshare
Leslie Howchin,2141,Tujing,CN,1,Dynabox
Malachi Fontanet,2142,San Simon,PH,0,Leexo
Debby Barens,2143,Roermond,NL,0,Quatz
Hilde Verbruggen,2144,Boa Viagem,BR,0,Eamia
Ailee Coyne,2145,Bayan-Ovoo,MN,0,Mynte
Vernen Redford,2146,Robertsfors,SE,1,Midel
Aymer McEntee,2147,Sohbatpur,PK,0,Browsecat
Ulrick Furze,2148,Raoshi,CN,1,Yakitri
Algernon Vater,2149,Temuco,CL,1,Devify
Arron Fydo,2150,Serzedelo,PT,0,Midel
Minny Alldritt,2151,Jiutai,CN,0,Shuffletag
Dominic Chinge de Hals,2152,Camingawan,PH,1,Oyonder
Lev Lazonby,2153,Sharkawshchyna,BY,1,Viva
Berny Castro,2154,Paraguaçu,BR,1,Quinu
Lanny Buffin,2155,Syntul,RU,1,Twinder
Marjorie Newman,2156,Himeville,ZA,1,Agivu
Kamila Diggins,2157,Lenchwe Le Tau,BW,0,Kimia
Edgardo Clewett,2158,Custódia,BR,0,Janyx
Phelia Harty,2159,Majalengka,ID,1,Mybuzz
Daniele Askem,2160,Tanjungagung,ID,1,Ooba
Aurelia Thurley,2161,Jasaan,PH,0,Janyx
Dorette Oakwood,2162,Ganyan,CN,1,Camido
Dev Kineton,2163,Kota Kinabalu,MY,0,Gabspot
Tiebout Philp,2164,Īlām,IR,1,Devbug
Meridith Laverock,2165,Calingcuan,PH,1,Kimia
Artair Newlands,2166,Basa,ID,1,Cogilith
Farrah Dickon,2167,Evxinoúpolis,GR,0,Yozio
Hannis MacPake,2168,Zyukayka,RU,0,Realfire
Forest Orehead,2169,Guam Government House,GU,0,Oyonder
Tully Tollmache,2170,Kadusimbar,ID,1,Ntag
Elden Rowles,2171,Maciejowice,PL,1,Gabvine
Dorene Plaunch,2172,Ulme,PT,1,Skidoo
Lucienne Crowcum,2173,Shuiyang,CN,1,Topicware
Jaimie Lorroway,2174,Ang Thong,TH,1,Cogidoo
Gayle Pavier,2175,Peliyagoda,LK,1,Thoughtbridge
William Lokier,2176,Rudong,CN,0,Topdrive
Gayle Stowell,2177,Libas,PH,1,Edgeclub
Early Skaif,2178,Wangliao,CN,1,Meevee
Nap Walczak,2179,Camgyai,CN,1,Bluezoom
Cassi Hentze,2180,Barţa‘ah ash Sharqīyah,PS,0,Voonte
Cathee de Quincey,2181,Grojec,PL,1,Meemm
Georas Cucuzza,2182,Finspång,SE,1,Skidoo
Eda Everill,2183,Berehomet,UA,0,Thoughtmix
Austina Larchier,2184,Danzi,CN,0,Tavu
Gordan Fright,2185,Chittagong,BD,1,Gevee
Silvano Goodson,2186,Jiangcun,CN,0,Mita
Petronilla Januszkiewicz,2187,Taodian,CN,0,Fanoodle
Elysee Knivett,2188,Kuchurhan,UA,0,Bubblebox
Clem Jurczik,2189,Santa Catalina,PH,0,DabZ
Kettie Eddies,2190,Dafang,CN,1,JumpXS
Ted Dewdney,2191,Shangpai,CN,1,Myworks
Daphne Balasini,2192,Manggis,ID,1,Blogpad
Joli Clowton,2193,Kawm Umbū,EG,1,Jayo
Morna Matfield,2194,Yujiao,CN,1,Gevee
Marrissa Decroix,2195,Guri-si,KR,0,Topicstorm
Hugo Cansdill,2196,Casa Nova,PT,1,Tagopia
Fredek Fricke,2197,Arroyo Seco,MX,1,Aimbo
Nara Pullen,2198,Sungaiduri,ID,0,Zava
Tommy Cox,2199,Guia,PT,0,Yodel
Sloan Bethell,2200,Mgachi,RU,0,Mita
Olivette Cota,2201,Cikawung,ID,0,Zazio
Dulcinea Thake,2202,Lolotique,SV,0,Youtags
Leigh Woakes,2203,Köln,DE,1,Centidel
Robinetta Ironmonger,2204,Selouane,MA,0,Quamba
Ricki Edwicker,2205,Buôn Trấp,VN,1,Pixonyx
Van Satterthwaite,2206,Suizhou,CN,0,Oyoloo
Megen Le - Count,2207,Olszyna,PL,0,Wordware
Cherilyn Mackriell,2208,Río Segundo,AR,0,Quimba
Donal Finlry,2209,Pailitas,CO,1,Jabberstorm
Adham Gissop,2210,Rebrikha,RU,1,Quimm
Stephine Easun,2211,Medvedovskaya,RU,1,Quinu
Gwenore Mocquer,2212,Timiryazevo,KZ,0,Oloo
Babbette Deards,2213,Jurva,FI,0,Feedbug
Sidney Mergue,2214,Sarnia,CA,1,Babbleset
Tersina Crumby,2215,Tanrake Village,TV,1,Realbridge
Siana Storre,2216,Ulee Gle,ID,0,Livetube
Gare Ruberti,2217,Munka-Ljungby,SE,0,Digitube
Reilly Stirland,2218,Wiśniewo,PL,0,Skilith
Hugo Cicchinelli,2219,Moita da Roda,PT,1,Buzzdog
Cletus Northbridge,2220,Roa,ID,0,Skilith
Phip Rivallant,2221,Tegarenkrajan,ID,1,Jabbercube
Kinnie Villaret,2222,Józefów,PL,1,Yata
Gonzalo Hailey,2223,Jiangdianzi,CN,0,Wikibox
Sydney Beggi,2224,Fresno,US,1,Avavee
Kale Walesby,2225,Jaru,BR,1,Realmix
Lindsy Corneil,2226,Getung,ID,0,Photolist
Gale Maplestone,2227,Duntou,CN,1,Dabshots
Judy Shaw,2228,Thị Trấn Kim Tân,VN,0,Teklist
Bronson Jewsbury,2229,Spartanburg,US,1,Tanoodle
Clareta Russell,2230,Jiaocun,CN,1,Jabberbean
Ealasaid Scarlan,2231,Mao,TD,0,Myworks
Gerti Cruikshank,2232,Camocim,BR,0,Dynazzy
Alexander Vasiltsov,2233,Kamba,NG,0,Quire
Horatius Vasyunin,2234,Qingtang,CN,1,Zooveo
Electra Water,2235,Sihanoukville,KH,1,JumpXS
Sidnee Scramage,2236,Raniżów,PL,1,Gigabox
Francesca Maddin,2237,Pinheiral,BR,0,Eamia
Durward McGruar,2238,Llano de Piedra,PA,1,Gigazoom
Franklyn Brockway,2239,Zongjia,CN,1,Babblestorm
Lotty Ritelli,2240,Doropeti,ID,1,Npath
Ambrosi Moorman,2241,Rovensko pod Troskami,CZ,1,Topicblab
Gypsy Reeson,2242,Gargaliánoi,GR,0,Vinder
Alistair Lavrinov,2243,Kalisangkrah Lor,ID,1,Trunyx
Rheba Okey,2244,Central,HK,0,Devify
Klara Swaile,2245,Narganá,PA,1,Fiveclub
Cirillo Peile,2246,Lamarosa,PT,0,Buzzbean
Marybeth Price,2247,Vondrozo,MG,1,Zooveo
Lawrence Cready,2248,Guarapuava,BR,1,Flipbug
Elnora Poulden,2249,El Paso,US,1,Skyvu
Charmain Rzehorz,2250,Tampa,US,1,Vitz
Sim Lux,2251,Zongzhai,CN,0,Ntag
Bryna Alfuso,2252,Suyo,PH,0,Ntags
Truman Hoxey,2253,Niš,RS,0,Livetube
Felike Margach,2254,Pórto Chéli,GR,0,Dablist
Berte Merrifield,2255,Guruyan,PH,0,Gigaclub
Vincent Pond-Jones,2256,Yanghou,CN,0,Voonix
Aldis Pirrone,2257,Sumber Tengah,ID,1,Eidel
Elka Girsch,2258,Lazaro Cardenas,MX,0,Youfeed
Carmencita Putman,2259,Sechenovo,RU,1,Devbug
Jeth Cottem,2260,An Nāşirīyah,IQ,0,Zooxo
Salomon Hustings,2261,Heka,CN,0,Minyx
Stormy Rolfi,2262,Victoria,PH,1,Vipe
Bobbie Vasishchev,2263,Cidahu,ID,0,Devbug
Sapphira Babalola,2264,Kroonstad,ZA,0,Oyoyo
Ninon Winders,2265,Gusev,RU,1,Flashdog
Sutherland Seegar,2266,Lidköping,SE,0,Yambee
Randa Berford,2267,Kebonkai,ID,0,Dazzlesphere
Wilt Arens,2268,Hayange,FR,0,Shuffledrive
Hardy Sambells,2269,Yurino,RU,1,Eidel
Gallagher Kleehuhler,2270,San Pedro,MX,1,Agivu
Rina Fonzone,2271,El Aïoun,MA,0,Buzzdog
Charline McKane,2272,Strömsund,SE,0,Talane
Reginald Goodday,2273,Ḩajjah,PS,1,Jayo
Hube Arrigo,2274,Jingmen,CN,1,Skynoodle
Mathilda Brookwood,2275,Pinoma,PH,1,Photobug
Noah Bredbury,2276,Banzão,PT,1,Realbuzz
Tommy Gier,2277,Sarana,RU,0,Oloo
Starlene Scain,2278,Andradina,BR,0,Topicstorm
Katrinka Boniface,2279,Hexi,CN,1,Wordware
Cash Gerrets,2280,Bronnitsy,RU,1,Quinu
Charley Bedell,2281,Guling,CN,0,Skynoodle
Merwin Probbing,2282,Mander,ID,1,Dynava
Joby Cator,2283,Santa Justina,PH,1,Thoughtstorm
Sheilakathryn Dolder,2284,Saguiaran,PH,0,Brainlounge
Hew Begg,2285,Xiaosong,CN,0,Jaxspan
Nisse Figgen,2286,Česká Skalice,CZ,0,Blogtag
Karel Baroch,2287,São José de Mipibu,BR,0,Yacero
Kerry Harvatt,2288,Caucasia,CO,0,Talane
Siana Crichley,2289,Gaigeturi,KR,1,Skipfire
Terza Realff,2290,Olyka,UA,0,Youopia
Emilio Herety,2291,Yanwukou,CN,1,Jaxnation
Rianon Kissick,2292,Raciążek,PL,0,BlogXS
Luisa Kull,2293,Lastoursville,GA,0,Photobug
Ezechiel Blakemore,2294,Taketoyo,JP,1,Jabbertype
Veronique Smartman,2295,Azor,IL,1,Yakitri
Britteny Arstall,2296,Linköping,SE,1,Bluejam
Jarvis Tustin,2297,Lukunor,FM,1,Linktype
Frank Bartolomieu,2298,Olyka,UA,0,Yozio
Hillie Lowery,2299,Xiyuan,CN,0,Browsetype
Jeffrey Smeall,2300,Tranås,SE,1,Camimbo
Hogan Diano,2301,Mourelos,PT,0,Browsezoom
Bernhard Tucknott,2302,Gori,GE,0,Skiba
Madlin Harg,2303,Nanxing,CN,0,Mudo
Wake Abrahmer,2304,Zürich,CH,0,Quimm
Ozzy Hairyes,2305,Doetinchem,NL,0,Avaveo
Kara-lynn Matejka,2306,Keroka,KE,1,Babbleblab
Mort Reach,2307,San Francisco,CO,0,Roomm
Thadeus Colthurst,2308,Kertapura,ID,0,Tagfeed
Haze Gillmor,2309,Dologon,PH,0,Tagopia
Kai Inns,2310,New Leyte,PH,1,Mydeo
Farlee Cotmore,2311,Chai Badan,TH,0,Kwilith
Brantley Perdue,2312,Batken,KG,1,Plambee
Almeda Espada,2313,Sabunçu,AZ,1,Tanoodle
Farleigh Dogerty,2314,Songshan,CN,0,Vipe
Basil Christy,2315,Bayt ‘Anān,PS,1,Abatz
Karrah Muccino,2316,Levski,BG,0,Zooxo
Lew McShirie,2317,Cagbang,PH,1,Feedspan
Heriberto McLewd,2318,Senada,MA,1,Wikido
Ban Depport,2319,Puerto Mayor Otaño,PY,1,Twitterbeat
Ally Flippen,2320,Mokil,FM,1,LiveZ
Augustin Cosens,2321,Sulangan,PH,1,Tazzy
Gaby Pendre,2322,Daultāla,PK,1,Buzzster
Lorita O'Connell,2323,Arenas,PH,0,Quatz
Zolly Gerber,2324,Santa Maria,BR,1,Jetwire
Blaire Connah,2325,Dubrovka,RU,1,Skaboo
Shel Dubois,2326,Syktyvkar,RU,0,Dynava
Bartholemy Paterno,2327,Salvador,BR,1,Demizz
Kienan Tardiff,2328,Bulqizë,AL,1,Innojam
Lea Aleksankov,2329,Dayton,US,0,Jabbersphere
Dolf MacSherry,2330,Longmen,CN,1,Browseblab
Jozef Foch,2331,Buturlinovka,RU,0,Dabjam
Wallie Yellep,2332,Luozhuang,CN,1,Oyondu
Gerladina Pirolini,2333,Wonorejo Dua,ID,0,Meeveo
Sibelle McMychem,2334,Xiayang,CN,1,Skyndu
Carree Mahood,2335,Bhairab Bāzār,BD,0,Tagchat
Packston Mott,2336,Starobachaty,RU,0,Skinix
Silvan Fitzsimons,2337,Nowy Dwór Mazowiecki,PL,0,Pixonyx
Mattias Sautter,2338,Kunčice pod Ondřejníkem,CZ,0,Twitternation
Rahal Thirst,2339,Libourne,FR,1,Lazz
Liva Howison,2340,Datong,CN,1,Ntag
Chickie Boch,2341,Kokaj,AL,0,Jaxnation
Dannie Wand,2342,Sula,PH,1,Oloo
Mitchael Castilljo,2343,Ubajami,ID,0,Jaxworks
Marilee Norcop,2344,Żychlin,PL,0,Thoughtstorm
Kassi Duce,2345,Haukipudas,FI,1,Eabox
Nataniel Mimmack,2346,Inozemtsevo,RU,0,Tagtune
Dian Causley,2347,Llipa,PE,1,Katz
Ladonna Mehaffey,2348,Kagal’nitskaya,RU,0,Blogpad
Ange Lots,2349,Resende,PT,1,Photobean
Claudina Tolomelli,2350,Rublëvo,RU,1,Geba
Bernette Vergo,2351,Kalandagan,PH,0,Realmix
Rosabella Bortolazzi,2352,Frakulla e Madhe,AL,0,Trudeo
Jacinda Briers,2353,Ogod,PH,1,Quimm
Tabbitha Strettell,2354,Jingzhou,CN,0,Mybuzz
Esmeralda Erni,2355,Xiamujiao,CN,1,Oyonder
Pavlov Skaife d'Ingerthorpe,2356,Putang,CN,1,Dabtype
Berny De Vries,2357,Aulnay-sous-Bois,FR,1,Jaloo
Melisandra Brosel,2358,Anicuns,BR,1,Chatterpoint
Reggie Preuvost,2359,Tococ East,PH,0,Gabvine
Aland Hardbattle,2360,Kruševac,RS,0,Latz
Cherye Sokale,2361,Kochetok,UA,1,Skilith
Harlin Schusterl,2362,Guanzhuang,CN,0,Voonder
Rochelle Kelland,2363,Bhakkar,PK,0,Gevee
Noby Fountian,2364,Dalovice,CZ,1,Lajo
Salomone Wessell,2365,Mozhong,CN,0,Demimbu
Daryn Swire,2366,Jijia,CN,0,Meevee
Tawsha Riche,2367,Alkmaar,NL,0,Realbridge
Liane Netherclift,2368,Yunxi,CN,1,Browsedrive
Merrill Rocco,2369,Palca,PE,1,Fivechat
Maud Writer,2370,Semey,KZ,0,Shuffletag
Cobby Beacon,2371,Gersikputih Tengah,ID,0,Skyvu
Winifield Vasechkin,2372,Cerinza,CO,0,Gabcube
Marley Josebury,2373,Estrada,PT,0,Fliptune
Tim Frostick,2374,Qiantang,CN,0,Dabvine
Emmi Agiolfinger,2375,Geneng,ID,0,Trilia
Julie Phillott,2376,Kishkenekol’,KZ,0,Centidel
Theodor Schulter,2377,Huangzhuang,CN,1,Meevee
Bear Corragan,2378,Kohtla-Järve,EE,1,Edgepulse
Ivette Gilliland,2379,Sukatani,ID,0,Skalith
Berta Kingcote,2380,Osapsio,ID,1,Leenti
Kore Minget,2381,Quanxi,CN,0,Rhynoodle
Kalinda Bubbins,2382,Teculután,GT,0,Yambee
Normand Hentzer,2383,New York City,US,1,Youtags
Gilli Fend,2384,Tancheng,CN,1,Devcast
Curry Benard,2385,Muzambinho,BR,0,Oyope
Gabbie Goldstein,2386,São Filipe,CV,0,Devify
Emelda Cowderay,2387,Apeldoorn,NL,1,Kaymbo
Dex Yurocjkin,2388,Sokolnice,CZ,0,Feednation
Kalle McCandless,2389,Zielona Góra,PL,0,Ntags
Byran Miguet,2390,Lazarevac,RS,1,Rhynoodle
Lane Combe,2391,Fermont,CA,1,Twitterbeat
Olimpia Eskrigg,2392,Reguenga,PT,0,Fivespan
Kip Grindrod,2393,Ronda,PH,0,Oyoloo
Deeyn Rossander,2394,Tungelsta,SE,0,Vinte
Zebulen Finnan,2395,Hankazi,CN,0,Avavee
Catlee Lait,2396,Niafunké,ML,1,Skyba
Edward Roan,2397,Nauchnyy Gorodok,RU,1,Roombo
Aurlie Parish,2398,Catujal,PT,1,Skynoodle
Skelly Slinn,2399,Badajoz,ES,0,Feedfish
Rik Ricardon,2400,Stockholm,SE,1,Innotype
Cynthy Witul,2401,Seynod,FR,1,Agivu
Kassi Malzard,2402,Chitose,JP,1,Gigazoom
Oren Pashan,2403,Ōkawa,JP,1,Fivechat
Arnoldo Cotsford,2404,Divisoria,PH,1,Aimbo
Mace Purvey,2405,Al Hilāliyya,SD,0,Skivee
Horton McGillivray,2406,Vila de Sal Rei,CV,1,Zoomdog
Walden Shubotham,2407,Tigbaw,PH,0,Yakitri
Hendrick Colt,2408,Murmino,RU,0,Thoughtblab
Quillan Maas,2409,Ciloa,ID,0,Quinu
Alex Gibb,2410,Nyaungdon,MM,0,Skalith
Wendeline Casado,2411,Morinville,CA,0,Brainlounge
Ofella Shurlock,2412,Guilmaro,BJ,1,Blogtag
Eb Shearmur,2413,Pansoy,PH,1,Oyondu
Ax Ernshaw,2414,Xazgat,CN,0,Abata
Ignacio Godfroy,2415,Il’ka,RU,0,Rhyzio
Wilden McKenzie,2416,Kubang,ID,0,Skinder
Jack O'Sherin,2417,Ribeiro,PT,1,DabZ
Sherline Pigott,2418,Yuandun,CN,1,Meetz
Barbara-anne Lasty,2419,Kuznetsovs’k,UA,0,Yodo
Julie Pillifant,2420,Kokagax,CN,1,Gabtype
Cort Coffin,2421,Chalon-sur-Saône,FR,1,Gigashots
Joby Carnew,2422,Lysekil,SE,1,Kazu
Alvin Wickmann,2423,Söderhamn,SE,0,Jayo
Blondie Dooher,2424,Bāzārak,AF,0,Linklinks
Lilia Bunford,2425,Lagos da Beira,PT,1,Agivu
Tom Ryding,2426,Karanyowka,BY,1,Yotz
Hayes Martell,2427,Hitiaa,PF,0,Pixope
Kliment Linfitt,2428,Turośń Kościelna,PL,1,Eabox
Spencer Rames,2429,Tallahassee,US,0,Browsedrive
Pete Troillet,2430,Chamical,AR,1,Ozu
Kathlin Yockley,2431,Sodankylä,FI,0,Youspan
Lindsy Tallach,2432,Laguilayan,PH,0,Pixonyx
Gordie Chettoe,2433,Korets’,UA,0,Pixope
Elysia Matusov,2434,Los Cerrillos,UY,1,Skiba
Ferdinande Lodwig,2435,Shengrenjian,CN,1,Voolith
Erinna Gierok,2436,Itaí,BR,0,Skipstorm
Brady Mazzilli,2437,Austin,US,0,Quinu
Boris Goodier,2438,As Sālimīyah,KW,0,Nlounge
Thelma Bernini,2439,Yelizovo,RU,1,Riffpath
Josefina Olligan,2440,Paty do Alferes,BR,0,Lazzy
Florencia Alyonov,2441,Xiaxi,CN,1,Twimm
Tarah Craw,2442,Pirg,AL,1,Einti
Meagan Cowpertwait,2443,San Antonio Oeste,AR,0,Browsezoom
Sollie Kezar,2444,Laliki,PL,1,Oyoloo
Buffy Biskupek,2445,Hezhang,CN,1,Jayo
Idell Pedgrift,2446,Tsubame,JP,1,Jabbercube
Umeko MacIlwrick,2447,Khānewāl,PK,0,Skippad
Charmaine Tamlett,2448,Sobontoro,ID,0,Demivee
Freida Gillebert,2449,Kerema,PG,1,Rooxo
Lulita Harbidge,2450,Macaíba,BR,0,Nlounge
Janeva Bowdon,2451,Santa Catalina,PE,1,Rhynoodle
Tommy Pomeroy,2452,Wonosari,ID,0,Podcat
Albertine Tanswell,2453,Tōno,JP,1,Brainbox
Thomasin Quemby,2454,Kotikawatta,LK,0,Demizz
Donny Burdell,2455,Jiezi,CN,0,Tazzy
Riordan Drysdall,2456,Pidhaytsi,UA,1,Wikivu
Emmit Steart,2457,Karolinka,CZ,1,Abata
Rebekkah Gerrens,2458,Tomelilla,SE,1,Quaxo
Reeba Roth,2459,Reims,FR,0,Linkbuzz
Julita McGooch,2460,Tugu,ID,0,Feedmix
Skipp Zorzenoni,2461,Zwedru,LR,1,Fliptune
Laura Gherardi,2462,Byumba,RW,0,Zoovu
Joleen Minillo,2463,Danao,PH,1,Photojam
Rae Dobby,2464,Jedlina-Zdrój,PL,0,Youopia
Toinette Abel,2465,Gjinoc,XK,0,Oyope
Red O'Nolan,2466,Karlskoga,SE,0,Zoomcast
Terence Lidington,2467,Pérama,GR,0,Browsecat
Garrot Benion,2468,Āsbe Teferī,ET,0,Skinte
Daisy Blei,2469,Uruçuca,BR,1,Gigaclub
Drew Marqyes,2470,Qiqin,CN,1,Brightdog
Alysia Laba,2471,Kamennogorsk,RU,0,Twitterlist
Malvin Tother,2472,Narach,BY,1,Trudeo
Ric Mulvany,2473,Intipucá,SV,1,Oyonder
Garwin Ciubutaro,2474,Pico da Pedra,PT,0,Edgetag
Caryl McNeachtain,2475,Srubec,CZ,0,Twimm
Kattie Calcott,2476,Paico,PE,1,Aimbo
Greta Lurriman,2477,Tadmur,SY,1,Zoonoodle
Hervey Lotte,2478,Kanaya,JP,1,Twinte
Cyrill Rabbage,2479,Cansolungon,PH,0,Skippad
Letta Lannen,2480,Gandekan,ID,1,Thoughtsphere
Grady Gerbi,2481,Bangolo,CI,1,Realpoint
Forster Growcott,2482,Basa,ID,1,Omba
Elizabeth McNaughton,2483,Novais,PT,0,Nlounge
Arnoldo Jensen,2484,Krajan Curahcotok,ID,0,Quatz
Cathrine Pawfoot,2485,Lubuk Sikaping,ID,1,Babbleblab
Zaneta McAster,2486,Alquízar,CU,0,Camimbo
Tarra Gofton,2487,Lao Suea Kok,TH,0,Bluezoom
Sebastiano Lethby,2488,Runsonglaozhai,CN,1,Youbridge
Del Bartram,2489,Jiuhu,CN,1,Dabtype
Rodge Lisciardelli,2490,Kanbe,MM,1,Blogtag
Sayer Al Hirsi,2491,Candoso,PT,0,Dabvine
Filmore Lefort,2492,Ternopil’,UA,0,Bubbletube
Katha Rothschild,2493,Xinxi,CN,1,Zoombox
Colin Falla,2494,Sepīdān,IR,0,Rhyzio
Layney MacSwayde,2495,Arrah,CI,0,Pixoboo
Chere Nuscha,2496,Dayapan,PH,0,Mynte
Nancee Prozescky,2497,Marseille,FR,0,Zooxo
Catie Dawes,2498,Kribi,CM,1,Skaboo
Rubia Dorkin,2499,Nema,RU,1,Dabjam
Nanci Oiseau,2500,Strängnäs,SE,1,Flipstorm
Wright Decourt,2501,Alicia,PH,0,Skibox
Janetta Dawbery,2502,Zengtian,CN,1,Kaymbo
Orsola Grzegorecki,2503,Ebu,CN,0,Flashpoint
Ramsey Seegar,2504,Zhuanshui,CN,1,Fivespan
Chloe Jelk,2505,Pines,PH,0,Voonyx
Cinda Reef,2506,Huertas,PE,1,Skyndu
Nertie Dresche,2507,Ébolowa,CM,0,Topiczoom
Tyrus Leahy,2508,L'Union,FR,1,Realpoint
Hasheem Speake,2509,Budënnovsk,RU,1,Jamia
Wilden Jeyness,2510,El Regalo,VE,0,Kwilith
Jolee MacKomb,2511,Koźmin Wielkopolski,PL,0,Innotype
Jamesy Bonds,2512,Cinagrog Girang,ID,0,Youopia
Oona Cavozzi,2513,Kedunglo,ID,1,Quimm
Trixi Trewin,2514,Caleufú,AR,1,Yakitri
Blakelee Serridge,2515,Itaberaba,BR,1,Quimm
Mamie Goodboddy,2516,Tissa,MA,1,Jaxnation
Friedrick Buttriss,2517,Västerås,SE,1,Topicstorm
Markus Lenglet,2518,Suisan,KR,0,Bubblebox
Marieann Laba,2519,Tân Hưng,VN,0,JumpXS
Mercy Blowick,2520,Ipuh,ID,0,Topicshots
Hasheem Youell,2521,Penitik,ID,1,Einti
Kiersten O' Mahony,2522,Vila Franca,PT,1,Meedoo
Shepperd Nias,2523,Batouri,CM,0,LiveZ
Amelita Braithwait,2524,Yug,RU,0,Mynte
Launce Stennard,2525,Fukagawa,JP,1,Wordify
Craig Eamer,2526,Houston,US,1,Camimbo
Danice Palfreyman,2527,Vila Nova da Baronia,PT,0,Twinder
Boonie Harnett,2528,Lobito,AO,1,Thoughtstorm
Chrissie Satcher,2529,Tumbagaan,PH,1,Wikivu
Mateo Gronw,2530,Shancheng,CN,0,Oyoba
Casper Glaserman,2531,Alajuela,CR,0,Blogspan
Briney Couche,2532,Sukorejo,ID,1,Riffpedia
Sephira Landre,2533,Kronshtadt,RU,0,Browsetype
Julienne Bushrod,2534,Valladolid,ES,1,Blogtags
Philis Frankom,2535,Balagui,PH,0,Trupe
Dugald Harlick,2536,Pachīr wa Āgām,AF,1,Zooxo
Nevile Humblestone,2537,Lianhe,CN,1,Fivebridge
Eulalie Donativo,2538,General José de San Martín,AR,0,Skilith
Chelsae Sollowaye,2539,Guiping,CN,1,Vinder
Irwin Battye,2540,Fatufaun,ID,0,Yabox
Ogdan Jikylls,2541,Ainaži,LV,0,Chatterpoint
Mart Manders,2542,Bhiria,PK,1,Aibox
Dael Barbrook,2543,Včelná,CZ,1,Mudo
Milli Soreau,2544,Zhangxi,CN,1,Skimia
Arni Worlock,2545,Nabīnagar,BD,1,Topicblab
Benjamin Griffitts,2546,Hua Hin,TH,1,Yotz
Sidonia Valance,2547,Pantang,CN,1,Jabbersphere
Kenna Boothebie,2548,Lagkadás,GR,1,Vinte
Walliw Impson,2549,Ajung,ID,0,Brainsphere
Adelaida Lempel,2550,Borlänge,SE,1,Trunyx
Addy Hollyland,2551,The Valley,AI,1,Voolith
Anjanette Jery,2552,Estância,BR,1,Youfeed
Kalle Boanas,2553,Kukoboy,RU,1,Quimm
Milka Chennells,2554,Agenebode,NG,1,Buzzdog
Sunshine Canet,2555,Mrongi Daja,ID,0,Meetz
Dorine Bault,2556,Köln,DE,1,Youbridge
Porty Farlham,2557,Ngundaan,ID,1,Wordpedia
Melamie Desseine,2558,Travesía,HN,1,Shufflester
Nelly Speed,2559,Töreboda,SE,1,Linktype
Gertrud Pau,2560,Xinwan,CN,0,Aibox
Carlota Sketh,2561,Baru,ID,0,Tagtune
Ashlie Philler,2562,An Lão,VN,1,Miboo
Aldin Cromie,2563,Knurów,PL,1,Gigashots
Anstice McNirlan,2564,Pan-an,PH,0,Jabbersphere
Vin Sire,2565,Baihua,CN,0,Oloo
Jake Lorne,2566,Ljusdal,SE,0,Fivechat
Benyamin Schooling,2567,Gulariyā,NP,0,Photofeed
Alejandrina Birdwhistle,2568,Hemudu,CN,0,Jabbersphere
Spencer Mangeon,2569,Nacka,SE,1,Roomm
Amelie Brashaw,2570,Krokeaí,GR,0,Jaxnation
Maryellen Yerson,2571,Entebbe,UG,0,Thoughtblab
Judas Abbis,2572,Khujirt,MN,1,Quaxo
Hanna O'Shavlan,2573,Čortanovci,RS,0,Wordpedia
Ambrosio Bursell,2574,Zhanxu,CN,1,Demizz
Jordon Sargeant,2575,Blinsung,PH,0,Brainsphere
Edwina Winward,2576,Venda,PT,1,Rooxo
Gill Keaysell,2577,Gangbei,CN,0,Fivespan
Hettie Portail,2578,Ponikiew,PL,1,Flashdog
Opalina Yellowlea,2579,Maanĭt,MN,1,Jayo
Nefen Sailor,2580,Hexia,CN,1,Katz
Eustace Pawlata,2581,Caherconlish,IE,0,Photospace
Nessi Isaak,2582,Mudanjiang,CN,1,Fatz
Clair Anersen,2583,Carmen,PH,0,Lazzy
Harley MacCaull,2584,Tulsa,US,0,Fiveclub
Jorrie Boutellier,2585,Blokdesa Situgede,ID,0,Buzzbean
Stillman Huller,2586,Amarete,BO,0,Zoonoodle
Leshia Mallam,2587,Pokrovskoye,RU,1,Eabox
Frazer Belchamp,2588,Bürenhayrhan,MN,1,Linklinks
Linea Cockshut,2589,El Cafetal,VE,0,Snaptags
Shannon Binnion,2590,Fonadhoo,MV,0,Leenti
Benito Milillo,2591,Italó,AR,0,Ozu
Birch Kampshell,2592,Bayan,ID,1,Agimba
Amelie Stogill,2593,Bagneux,FR,1,Jazzy
Levon Grisewood,2594,Zouma,CN,1,Quamba
Sloane Gooderham,2595,Cancas,PE,1,Voomm
Gardener McCreadie,2596,Barreiros,PT,1,Tekfly
Raddie Becerro,2597,Józefów,PL,1,Riffpedia
Amelia Seally,2598,Torre,PT,0,Skajo
Park Doumenc,2599,Tía Juana,VE,0,Photojam
Christal Jurisic,2600,Bununu Kasa,NG,0,Divanoodle
Neysa Jiran,2601,San Diego,PH,1,Eazzy
Reeba Ajam,2602,Borjomi,GE,1,Izio
Reggie Karolowski,2603,Murça,PT,1,Voomm
Brianne Forson,2604,Khasht’arrak,AM,0,Jabbertype
Marcy Kubiczek,2605,Jenang Selatan,ID,1,Flashdog
Bibbie Oehme,2606,Firminópolis,BR,1,Tagfeed
Amara Scain,2607,Abbeville,FR,0,Tazzy
Dell Craig,2608,Mjamaoué,KM,1,Eire
Silvie Gatrell,2609,Nusajaya,MY,0,Edgewire
Keriann Antoniottii,2610,Donggang,CN,0,Janyx
Raine Trevear,2611,Rochester,US,0,Kwilith
Lyndsie Bratley,2612,Jiangxiangzhen,CN,0,Snaptags
Armstrong Buer,2613,Moengo,SR,0,Eamia
Quintin Nare,2614,Cikiwul Satu,ID,1,Trupe
Gerianna Thurlborn,2615,Morondava,MG,1,Mycat
Odilia Ramsey,2616,Cordeirópolis,BR,0,Youtags
Kettie Farlow,2617,Hunkuyi,NG,1,Chatterpoint
Immanuel Fosberry,2618,Cigadung,ID,0,Photofeed
Lucien Deetlefs,2619,Zhongying,CN,0,Quinu
Ellery Whellams,2620,Bakulong,PH,1,Avamba
Laura Garred,2621,Corozal,CO,0,Tagtune
Birgitta Flatt,2622,Motupe,PE,1,Npath
Erskine De Paoli,2623,Sydney,AU,0,Twinte
Webb Thornber,2624,Hougaoshizhuang,CN,0,Babblestorm
Stephi Keelinge,2625,Jacinto Arauz,AR,0,Oozz
Chantalle Jaqueminet,2626,Cajazeiras,BR,0,Divanoodle
Blondelle Dimitrijevic,2627,San Luis,CU,1,Leexo
Aretha Smittoune,2628,Liski,RU,1,Dynazzy
Konstance Leaton,2629,Yoshkar-Ola,RU,1,Quimm
Evin Mulder,2630,Brooklyn,US,0,Abatz
Taryn Euston,2631,Sinubong,PH,0,Mita
Tobye Gentle,2632,Zengji,CN,1,Eire
Alexandro Klassman,2633,Long’anqiao,CN,0,Wikivu
Josselyn Wildin,2634,Calvão,PT,1,Livepath
Phillipp Middlemass,2635,Vilufushi,MV,0,Feedfish
Frederigo Jizhaki,2636,Prażmów,PL,0,Kaymbo
Gene Horney,2637,Ruda Maleniecka,PL,1,Dabvine
Austin Robardey,2638,Itatskiy,RU,0,Voonix
Meaghan Oades,2639,Shisui,JP,0,Ailane
Ileana Bentote,2640,Artybash,RU,0,Eire
Deloris Brewster,2641,Pekan,MY,0,Meembee
Kristofer O'Dowd,2642,Krasnyy Profintern,RU,0,Yakijo
Adrienne Stearn,2643,San Nicolás,HN,1,Blogpad
Ferdie Soall,2644,Yunshan,CN,1,Tagopia
Anett Ivanusyev,2645,Tangier,MA,0,Youspan
Kelvin Leader,2646,Česká Skalice,CZ,1,Npath
Loleta Corsham,2647,Huinca Renancó,AR,1,Eamia
Poppy Coughan,2648,Punta de Bombón,PE,0,Brainlounge
Yancey Hambidge,2649,Bouzov,CZ,0,Tagtune
Raff Antoons,2650,Lenešice,CZ,0,Oyope
Daryn Splevings,2651,San Clemente,CL,0,Wordware
Jillana Wildber,2652,Luwu,CN,1,Jabberstorm
Franz Lumb,2653,Orël,RU,0,Fliptune
Kahlil Huster,2654,Barão de Melgaço,BR,0,Cogilith
Cirilo Brundell,2655,Reconquista,AR,0,Camido
Padraig Greenman,2656,Taoyuan,CN,1,JumpXS
Henka Mellmer,2657,Hrazdan,AM,0,Centimia
Dita Ebbings,2658,Zhanghuban,CN,0,Fliptune
Kort Alsford,2659,Espera Feliz,BR,1,Gigazoom
Consolata Beauman,2660,Maumbawa,ID,1,Twitterbeat
Paulo MacGowan,2661,Murree,PK,1,Dablist
Clea Mifflin,2662,Wufeng,CN,0,Feednation
Morgan Benezeit,2663,Höganäs,SE,0,Voolith
Rebekkah Hrinishin,2664,Dueñas,PH,0,Yacero
Nerti Hatley,2665,Sangzhen,CN,1,Kare
Rocky Turmell,2666,Nueve de Julio,AR,0,Yodoo
Jackson Scrafton,2667,Bayan Bulag,CN,0,Quimba
Barnaby Gridley,2668,Santa Cruz,MX,1,Camido
Zola Dodgson,2669,San Lorenzo,MX,1,Dabtype
Derrek Jaze,2670,Oklahoma City,US,1,Skynoodle
Zandra Remirez,2671,Balayan,PH,0,Katz
Lilllie McCrudden,2672,Benjamin Constant,BR,1,Zooveo
Afton Fibbit,2673,Hatava,BY,1,Blogspan
Taddeusz Collum,2674,Kerek,ID,0,Voonix
Tabina Cregg,2675,Sawangan,ID,0,Skivee
Verina Verzey,2676,Santo Domingo de los Colorados,EC,0,Photofeed
Adriaens Halkyard,2677,Puerto Princesa,PH,1,Zazio
Nelly Hayers,2678,Wuping,CN,0,Quimm
Bucky Capper,2679,Dār an Naşr,YE,0,Kazu
Cally Meijer,2680,Banyumas,ID,0,Janyx
Kalina Bakhrushkin,2681,Laval,FR,1,Kanoodle
Lezlie Greneham,2682,Caucete,AR,1,Wikido
Wenonah Chugg,2683,Kiiminki,FI,0,Agimba
Clem Symper,2684,Moengo,SR,1,Mydeo
Lazaro Stiant,2685,Sison,PH,0,Gabspot
Galven Shorie,2686,Vidin,BG,0,Ntags
Rona Cuer,2687,Borūjen,IR,1,Dablist
Chrystal Edeson,2688,Mafra,BR,0,Devpulse
Hendrick Boyde,2689,Akora,PK,1,Eazzy
Ragnar Newcomen,2690,Ughelli,NG,0,Oyoloo
Fee Hagyard,2691,Maogang,CN,1,Thoughtsphere
Arlyne Lerner,2692,Santiago de María,SV,0,Meembee
Arline Chipping,2693,Obršani,MK,1,Shuffledrive
Griffith Arp,2694,Isojoki,FI,0,Centimia
Evanne Karim,2695,Sakai,JP,1,Camimbo
Lynett Rookledge,2696,Hualmay,PE,1,Meemm
Colan Simondson,2697,‘Ibrī,OM,1,Digitube
Chip Holehouse,2698,Cocorná,CO,0,Yacero
Harris Halley,2699,Póvoa do Valado,PT,0,Mynte
Ignatius Versey,2700,Poljčane,SI,1,Leenti
Sergent Woonton,2701,Venlo,NL,0,Gabtype
Bryan Blench,2702,Perdões,BR,0,Aimbo
Olin Gallanders,2703,Hepu,CN,1,Chatterbridge
Marin Vass,2704,Flandes,CO,1,Trudeo
Edithe Penhaligon,2705,Kangin,ID,1,Tagfeed
Nelle Georgeon,2706,Murmuiža,LV,1,Mydo
Minnie Stannis,2707,Kaom,ID,0,Voolia
Steve Bellon,2708,Junbu,CN,0,Twitterwire
Katuscha Leer,2709,Old Harbour Bay,JM,1,Zoomdog
Aeriel Gorghetto,2710,Shatian,CN,0,Skajo
Debee Cleminson,2711,Thatta,PK,0,Photobug
Corie Fancutt,2712,Piracuruca,BR,0,Kamba
Curran Coke,2713,Połomia,PL,1,Jetwire
Jeff Reyes,2714,Stubno,PL,0,Rhynyx
Issy Sudlow,2715,Jianyi,CN,0,Myworks
Etty Soughton,2716,Gengma,CN,0,Tambee
Alina Bumpus,2717,El Mirador,MX,1,BlogXS
Rani Poole,2718,Requião,PT,1,Bluezoom
Hildy Matzeitis,2719,Jincheng,CN,0,Rhyloo
Valma Renne,2720,Pantaihambawang,ID,0,Yambee
Cyndy Drewe,2721,Mỹ Thọ,VN,0,Demizz
Janice Larcombe,2722,Chiquimulilla,GT,0,Devshare
Rodi Morrell,2723,Ţāqchah Khānah,AF,1,Browsezoom
Aube Longhorne,2724,Vallecillo,HN,1,Voonte
Paddy Budgeon,2725,Pasar Kidul,ID,1,Jabberbean
Taddeo Summerly,2726,Eskilstuna,SE,0,Yotz
Brear Furber,2727,Mungkin,ID,1,JumpXS
Barnett Arnoud,2728,Ngajum,ID,1,Minyx
Ernest Denyukhin,2729,Mudon,MM,0,Oyondu
Kayley Dawnay,2730,Odienné,CI,0,Dabtype
Barney Sotheron,2731,Brniště,CZ,0,Bubbletube
Graham Coit,2732,Psáry,CZ,0,Rhyloo
Heindrick Thundercliffe,2733,Cantoria,PH,1,Oyoloo
Jillane Lockett,2734,Albany,US,0,Riffpath
Constancy Blamires,2735,Shreveport,US,1,Realmix
Ellie Dybbe,2736,Shchuchin,BY,1,Edgeblab
Boigie Begin,2737,Kobilje,SI,1,Gigazoom
Eleen Bashford,2738,Lyon,FR,1,Shufflester
Stefa Coning,2739,Datuan,CN,0,Blogtags
Rickard Maddyson,2740,Jeremoabo,BR,0,Topicstorm
Allard Joinson,2741,Lavradio,PT,1,Latz
Alexandros McAllaster,2742,Aksu,KZ,0,Bluejam
Elise McKeaney,2743,Sumberrojokrajan,ID,0,Thoughtworks
Tawsha Caley,2744,Suhong,CN,1,Meeveo
Parke Draxford,2745,Turanj,HR,0,Thoughtstorm
Stefano Nabarro,2746,Labnig,PH,0,Voonder
Rikki McKean,2747,Nūr,IR,0,Youspan
Nady Ingree,2748,Dahu,CN,1,Jayo
Rennie Swatheridge,2749,Ariana,TN,1,Kwimbee
Gilbertine Krier,2750,Chinju,KR,0,Demizz
Randie MacCartair,2751,Caitang,CN,1,Zoomcast
Jory Dymidowski,2752,Bollène,FR,1,Voomm
Isabella Jenkison,2753,Tipolo,PH,0,Fadeo
Dynah Steptow,2754,Mernek,ID,1,Wikizz
Jacynth Proschek,2755,Gaobeijie,CN,0,Wikibox
Nicol Blonfield,2756,Ōnojō,JP,0,Fadeo
Shirlee Danihel,2757,Gândara,PT,0,Thoughtmix
Tiena Axon,2758,Khadyzhensk,RU,1,Voolith
Edward Durno,2759,Hägersten,SE,0,Flipopia
Dante Snar,2760,Nizhniy Chir,RU,1,Vinte
Onofredo Clewer,2761,Madruga,CU,1,Quatz
Sophronia Concklin,2762,Marsabit,KE,1,Dabvine
Tessa Stanning,2763,Kabuynan,PH,1,Browsedrive
Danyette Halliburton,2764,Phanna Nikhom,TH,0,Ntag
Edlin Salsbury,2765,Trondheim,NO,1,Jabberbean
Nelli Yokley,2766,Milán,CO,0,Kwilith
Shelton Vardy,2767,As Sab‘ Biyār,SY,0,Brainlounge
Madelena Olphert,2768,Gotse Delchev,BG,0,Skyndu
Donovan Colloff,2769,Yukou,CN,1,Aivee
Charmain Bourton,2770,Cartagena,CL,0,Mydeo
Curt Bruckshaw,2771,Timon,ID,0,Meevee
Jermayne Folomin,2772,Krajanbonjor,ID,1,Yamia
Edi Malzard,2773,Ambovombe,MG,0,Tagopia
Nettle O'Cannavan,2774,Gálvez,AR,0,Voomm
Delores Ambroziak,2775,Zhaxirabdain,CN,0,Voomm
Linnie Jee,2776,Taboc,PH,1,Bubbletube
Maryl Pietzner,2777,Adzopé,CI,0,Babblestorm
Devlen Shortin,2778,Pandanwangi,ID,1,Skaboo
Amanda Coghlin,2779,Yinji,CN,1,Leenti
Gene Eakin,2780,Kuala Lumpur,MY,0,Miboo
Salim Asey,2781,Trzebnica,PL,0,Zoonder
Barrett Jansa,2782,General Ramírez,AR,0,Avamba
Larine Phillimore,2783,Tignoan,PH,1,Vitz
Camile Skerme,2784,Baoshan,CN,0,Avamba
Jada Lergan,2785,San Juan Bautista,GT,1,Livefish
Heath Leirmonth,2786,Quillota,CL,0,Ntag
Thedric Kinnen,2787,Utrecht (stad),NL,1,Skaboo
Sebastian Bartosch,2788,Skellefteå,SE,1,Kwinu
Monro Hafford,2789,Daze,CN,0,Buzzbean
Elsbeth Schleswig-Holstein,2790,Sanxi,CN,1,Leexo
Maurise Gaughan,2791,Tasovčići,BA,1,Thoughtsphere
Tanya O'Kenny,2792,Prámanta,GR,1,Babbleblab
Malachi Andrini,2793,Cintra,AR,0,Kamba
Christine MacGarrity,2794,København,DK,1,Thoughtblab
Florella Van Oord,2795,Tuba,CN,1,Mudo
Tyler Neild,2796,Milići,BA,0,Abata
Hestia Lyfe,2797,Dawang,CN,0,Riffpath
Jermain Di Iorio,2798,Xuebu,CN,1,Dabshots
Prentice Whetnell,2799,Novyye Kuz’minki,RU,0,Riffpath
Rickie Binnall,2800,Cibalieur,ID,1,Cogidoo
Dawna Errol,2801,Digby,CA,1,Innojam
Scotti Eckly,2802,Santa Rosa,PE,0,Flipbug
Aguste Gascard,2803,Gouyan,CN,0,Muxo
Dickie Dosdill,2804,Ja Ela,LK,1,Flashset
Octavia Dusting,2805,Fangbu,CN,1,Realfire
Jillana Shalliker,2806,Chengshan,CN,1,Voomm
Tedi Mayling,2807,Cagayan,PH,1,Photolist
Donetta Linnitt,2808,Nanfeng,CN,1,Jaxspan
Berky Muddimer,2809,Xinghai,CN,1,Topicshots
Fergus Waddy,2810,Magoúla,GR,1,Rooxo
Constance Semered,2811,Boavista,PT,0,Oodoo
Estel Wastall,2812,Łubnice,PL,1,Ntags
Rabi Schollick,2813,Yangchao,CN,0,Wikizz
Maurine Janman,2814,Karmai,CN,1,Gabvine
Genevra Naden,2815,Oster,RU,0,Twimbo
Cornela Dutnall,2816,Darfield,NZ,1,Tavu
Kelby Jambrozek,2817,Sievi,FI,0,Tanoodle
Regine Clatworthy,2818,Dukuh,ID,1,Flashspan
Briana Isley,2819,Pappadátes,GR,0,Kazio
Juliette Zanre,2820,Cache Creek,CA,0,Thoughtworks
Lenette Zealy,2821,Solna,SE,1,Brightbean
Claus Brea,2822,Caen,FR,0,Yakijo
Tiphani Snazel,2823,Despotovac,RS,0,Dynabox
Rickie Lippini,2824,Camaquã,BR,0,Thoughtsphere
Mathian Aneley,2825,Santa Gertrudes,BR,0,Einti
Lethia Mallan,2826,Xiaogang,CN,1,Fatz
Fredelia Anand,2827,Alabat,PH,1,DabZ
Webb Coxhead,2828,Stanisław Górny,PL,1,Yabox
Nananne Skippon,2829,Xiaozhang,CN,0,Npath
Mariann Avrahamov,2830,Bystrzyca,PL,0,Nlounge
Nerti Woodbridge,2831,Kyaikto,MM,0,Livetube
Joyous Shimmin,2832,Pogranichnyy,RU,0,Meetz
Janenna Casewell,2833,Rodas,CU,1,Jazzy
Rochell Inge,2834,São Paulo,BR,0,Reallinks
Cyrill Lepere,2835,Jarabacoa,DO,1,Oloo
Roxanna Lynde,2836,Champigny-sur-Marne,FR,1,Devcast
Randi Ajsik,2837,Castanheira,PT,1,Skyndu
Lillian Glassford,2838,Xianzong,CN,1,Topicblab
Aile Popeley,2839,Ccatca,PE,0,Skinder
Nickie Portal,2840,Glugur Krajan,ID,1,Thoughtmix
Howie Gutridge,2841,Denver,US,0,Vipe
Carlynn Martinello,2842,Hošťka,CZ,0,Wikido
Mamie Docherty,2843,Miaoli,TW,0,Trudeo
Rahel McUre,2844,Ribeira Grande,PT,0,Skivee
Georgina Asbery,2845,Dębica,PL,1,Flipopia
Wes Tyce,2846,Neochóri,GR,1,Zoombeat
Dasi Scarlin,2847,Bandhagen,SE,1,Brightbean
Mikel Dalmon,2848,Machida,JP,0,Muxo
Liz Frizzell,2849,Fort Worth,US,1,Blogpad
Gweneth Stuchburie,2850,Las Minas,PA,1,Rhybox
Felicio Tieman,2851,Feicheng,CN,1,Twinte
Dorothee Pressdee,2852,Narawayong,ID,1,Browsecat
Kimberlee Mohan,2853,Borehbangle,ID,1,Flashdog
Coleen Dowson,2854,San Celestio,PH,1,Gabtune
Wilie Archdeacon,2855,Ithari,NP,0,Livetube
Camille Lacy,2856,Mayang,ID,0,Realblab
Brian Newhouse,2857,Wushan,CN,0,Lazz
Christiano Cheng,2858,Camino Real,MX,0,Skilith
Reggy Scates,2859,Tres Arroyos,AR,1,Skipstorm
Gerty Leggett,2860,Langres,FR,1,Npath
Sharron Shakespear,2861,Ozherel’ye,RU,0,Bluezoom
Emmalee Gino,2862,Guanshan,CN,0,Realcube
Kirby Grogan,2863,Árta,GR,1,Livepath
Hestia Tiplady,2864,Caijiang,CN,1,Wikibox
Tiffi Brownett,2865,Portela,PT,0,Kamba
Stern Brian,2866,Uyutne,UA,0,Skimia
Stanwood Gonthard,2867,Chicago,US,1,Gigashots
Caldwell Issett,2868,Suwaru,ID,0,Bluejam
Ivar Maytum,2869,Bungsuan,PH,1,Vinder
Ree Laddle,2870,Campina Grande do Sul,BR,1,Riffpath
Lamar McClure,2871,Novais,PT,1,Wordtune
Rickey Crowd,2872,Menlou,CN,0,Kaymbo
Sigismundo Holliar,2873,Hongqi,CN,1,Trunyx
Pacorro Geraudel,2874,Fontana,AR,0,Dynabox
Johannes Willoughley,2875,Bulusari,ID,0,Youfeed
Rafaelia Logan,2876,Крива Паланка,MK,0,Zoomdog
Gasper Daugherty,2877,Kauswagan,PH,0,BlogXS
Bruno Dimberline,2878,San José,PY,0,Meedoo
Torrin Matyja,2879,Benzilan,CN,1,Blogspan
Dorie Pude,2880,Saint-Pierre,PM,1,Wordpedia
Nev Risen,2881,Langres,FR,1,Quire
Stefa Margett,2882,Longtang,CN,0,Twitterbridge
Hastings Pipes,2883,São Jerônimo,BR,0,Topicblab
Merrick Tamas,2884,Sidrolândia,BR,1,Ainyx
Cissy Worshall,2885,Baisha,CN,0,Youtags
Marieann Southward,2886,Paris 11,FR,0,Jaxnation
Isahella Pitkin,2887,Heřmanova Huť,CZ,1,Snaptags
Randell Wistance,2888,Motala,SE,1,Quire
Kelcey Levine,2889,Nuevo Amanecer,NI,1,Rhyzio
Johan Duval,2890,Nanqiao,CN,1,Wordware
Muhammad Crossgrove,2891,Wangbuzhuang,CN,1,Twitterwire
Eve Kenworthey,2892,Aylmer,CA,0,Riffwire
Nathan Flawith,2893,Higuerote,VE,1,Yotz
Cherish Defraine,2894,Azilal,MA,0,Podcat
Pierce Ind,2895,Iowa City,US,0,Cogilith
Brannon Olsen,2896,Ipís,CR,1,Edgeclub
Dunc Pirson,2897,Athens,GR,0,Twinder
Cornie Alliberton,2898,Saint Augustine,US,1,Jabbersphere
Alfie Fellona,2899,Pasadena,US,0,Ntags
Elsi Sterrick,2900,Sacramento,US,0,Gabspot
Jermaine Chave,2901,Plesná,CZ,0,Tanoodle
Winnie Seywood,2902,Verkhneye Kazanishche,RU,0,Trilith
Mabel Wyre,2903,Ypacarai,PY,1,Voolith
Eran Chadwen,2904,Poitiers,FR,0,Dabshots
Courtnay Victoria,2905,Buy,RU,1,Thoughtstorm
Carin Ahlin,2906,Duobao,CN,0,Gevee
Rodd Ceely,2907,Coutances,FR,0,Topicware
Bernadene Nourse,2908,Xiangcheng,CN,0,Dynabox
Aldwin Pexton,2909,Owen Sound,CA,0,Omba
Leanora Hickeringill,2910,Siluman,ID,1,Viva
Catherin McPhee,2911,Kanthararom,TH,0,Leenti
Tannie Axcel,2912,Tarragona,ES,0,Twiyo
Gavin Simenel,2913,Tyachiv,UA,0,Edgepulse
Allister Dayly,2914,Nakkila,FI,0,Midel
Guillaume Fronczak,2915,Rivière-du-Loup,CA,1,Wordware
Reece Twiddle,2916,Békéscsaba,HU,0,Browsetype
Georgina Woller,2917,Arauco,AR,0,Chatterbridge
Gizela Tittershill,2918,Dayou,CN,1,Jabbersphere
Tamra Faier,2919,High River,CA,0,Photobug
Padget Scard,2920,New York City,US,1,Vinte
Vin Labon,2921,Gaobeijie,CN,0,Zoomcast
Melodee Punshon,2922,Ivanec,HR,0,Meevee
Guinna Pendlington,2923,Watuka,ID,0,Rhycero
Ophelia Aloshkin,2924,Živinice,BA,1,Jaxspan
Petra Greenrodd,2925,Hämeenkoski,FI,1,Thoughtbridge
Sharl Feitosa,2926,Krajan Dua Padomasan,ID,1,Quimba
Shea Leathwood,2927,Netishyn,UA,0,Kwimbee
Ivett Riediger,2928,Mrągowo,PL,1,Twitterwire
Abbie Keelan,2929,Sumberkindagan,ID,1,Shuffledrive
Ramonda Touson,2930,Villeneuve-lès-Avignon,FR,0,Eidel
Laurel McPhail,2931,Mintian,CN,1,Linktype
Neale Grombridge,2932,Jagüey Grande,CU,1,Meevee
Elliot Skeene,2933,Yanhu,CN,1,Zazio
Seth Parlour,2934,Sabaneta,CO,0,Avaveo
Maddie Ramelet,2935,Debrecen,HU,0,Blognation
Hesther Wannop,2936,Huyu,CN,0,Photobug
Ronald Enbury,2937,Ilhabela,BR,1,Buzzbean
Goraud Shearston,2938,Idritsa,RU,0,Mycat
Carmen Knottley,2939,Vista Hermosa,MX,0,Dynava
Zara Fencott,2940,Jianggezhuang,CN,0,Meejo
Janella Jina,2941,Meicheng,CN,0,Devify
Benjamin Mussett,2942,Xinzhou,CN,1,Abatz
Maurits Pharoah,2943,Yuanda,CN,0,Avaveo
Carlynne Bouzan,2944,At-Bashi,KG,1,LiveZ
Katinka Boxe,2945,Lyon,FR,1,Eayo
Dean Smithyman,2946,Hongkeli,CN,0,Avaveo
Chaim Butcher,2947,Kortowo,PL,1,Jabbertype
Linea Moffat,2948,Ziębice,PL,1,Eayo
Humfrid Maus,2949,Arvika,SE,1,Realpoint
Nollie Joire,2950,Dolna Banjica,MK,0,Tagpad
Emelita Sacker,2951,Los Angeles,MX,1,Bluejam
Ethelbert Heathwood,2952,Panenggoede,ID,1,Riffwire
Humbert Mordey,2953,Kedrovoye,RU,0,Quatz
Paolina Billany,2954,Lampa,ID,1,Jaxspan
Maribel Pratty,2955,Nungwi,TZ,1,Chatterbridge
Benny Robez,2956,Pengulu,ID,1,Trudeo
Moses Alexsandrovich,2957,Al Başrah,IQ,1,Tagpad
Jerry Jedrychowski,2958,Baojia,CN,1,Photofeed
Ernst Bangley,2959,Pagak,ID,1,Camido
Barri Callear,2960,Vila Flor,PT,0,Agivu
Massimo Bayley,2961,Xinzhuang,CN,0,Jaxspan
Regen Spratling,2962,Washington,US,0,Eare
Marj Edgcumbe,2963,Darong,CN,1,Trudoo
Carmelina Jiggens,2964,Lusacan,PH,1,Youspan
Vernor Linck,2965,Moryń,PL,0,Dabjam
Licha Monk,2966,Heshi,CN,0,Eayo
Darlene Paye,2967,Bentar Girang,ID,0,Tekfly
Nil Moreman,2968,Hujiaying,CN,1,Camido
Chrotoem Hawkes,2969,Reshetikha,RU,1,Oodoo
Marchall Lashley,2970,Santa Anita,MX,1,Devpoint
Elliott Doiley,2971,Suwaru,ID,0,Miboo
Stanislaus Dikels,2972,Bang Phae,TH,0,Gevee
Minetta Brann,2973,Goya,AR,1,Tazz
Naomi Kidner,2974,Remolino,CO,1,Aibox
Emlynn Vallow,2975,Sergelen,MN,0,Eabox
Maria Velez,2976,Suphan Buri,TH,1,Yakitri
Whitaker Triner,2977,Mandal,MN,0,Flashdog
Nanni Elderton,2978,Sokolovo,RU,1,Oyonder
Gene Glaister,2979,Magisterial,MX,1,Mita
Stanislaus Cabrales,2980,Igbo-Ukwu,NG,1,Jazzy
Lancelot Dislee,2981,Manwakh,YE,1,Thoughtblab
Brunhilda Cahalin,2982,Oeiras,PT,0,Realfire
Verina Gianetti,2983,Ramón Castilla,PE,0,Ntags
Sephira Macellar,2984,Xiaoduchuan,CN,0,Realcube
Cairistiona Hacon,2985,Ресен,MK,0,Avamm
Donn Youson,2986,Tilburg,NL,1,Npath
Kaleb Szach,2987,Sainyabuli,LA,0,Oyoloo
Coleen Houston,2988,Kure,JP,0,Blogtag
Karola Rugge,2989,Jiqu,CN,1,Blogtags
Verina Perigo,2990,Erfurt,DE,1,Twitterwire
Minni Stickney,2991,Tirtopuro,ID,0,Kazio
Boigie Savory,2992,Bahui,CN,1,Aibox
Godfree Farres,2993,Koshigaya,JP,0,Linklinks
Georgi Wyper,2994,Huakoulongtan,CN,0,Aimbu
Pen Wanek,2995,Pervomayskiy,RU,0,Chatterpoint
Jacinda Kasparski,2996,Jiqu,CN,1,Realbuzz
Lorenza Cochran,2997,Ujiie,JP,0,Quatz
Stevie Capron,2998,Zākhū,IQ,0,Tekfly
Catherina Weinham,2999,Xinning,CN,0,Aivee
Bonnibelle Antoniou,3000,Shajing,CN,1,Wordify
